{
    "acmeair-flightservice_1_512_low": {
        "cpu_percent": 1.4456335333333,
        "memory_percent": 45.160367966667,
        "response_time": 5487116.6
    },
    "acmeair-flightservice_1_512_medium": {
        "cpu_percent": 33.729766766667,
        "memory_percent": 46.691289733333,
        "response_time": 61120153.733333
    },
    "acmeair-flightservice_1_512_high": {
        "cpu_percent": 72.924400033333,
        "memory_percent": 47.078814766667,
        "response_time": 69746188.8
    },
    "acmeair-flightservice_2_512_low": {
        "cpu_percent": 1.7983668666667,
        "memory_percent": 45.0917071,
        "response_time": 8297853.8166667
    },
    "acmeair-flightservice_2_512_medium": {
        "cpu_percent": 26.7775835,
        "memory_percent": 48.084098033333,
        "response_time": 74592110.8
    },
    "acmeair-flightservice_2_512_high": {
        "cpu_percent": 35.0707168,
        "memory_percent": 47.023403633333,
        "response_time": 18142431.6
    },
    "acmeair-flightservice_3_512_low": {
        "cpu_percent": 5.6462004,
        "memory_percent": 45.145875433333,
        "response_time": 89027720.2
    },
    "acmeair-flightservice_3_512_medium": {
        "cpu_percent": 34.1051893,
        "memory_percent": 47.4556128,
        "response_time": 100126057.77778
    },
    "acmeair-flightservice_3_512_high": {
        "cpu_percent": 41.849778333333,
        "memory_percent": 47.275456833333,
        "response_time": 34571708.544445
    },
    "acmeair-flightservice_1_768_low": {
        "cpu_percent": 32.8195837,
        "memory_percent": 46.3140357,
        "response_time": 32343433.105556
    },
    "acmeair-flightservice_1_768_medium": {
        "cpu_percent": 27.325966733333,
        "memory_percent": 37.200930566667,
        "response_time": 115639885.18333
    },
    "acmeair-flightservice_1_768_high": {
        "cpu_percent": 63.619033366667,
        "memory_percent": 19.942039,
        "response_time": 149033152.03333
    },
    "acmeair-flightservice_2_768_low": {
        "cpu_percent": 40.086933433333,
        "memory_percent": 27.161319666667,
        "response_time": 40475806.733333
    },
    "acmeair-flightservice_2_768_medium": {
        "cpu_percent": 55.437416933333,
        "memory_percent": 32.353631366667,
        "response_time": 95622985.266667
    },
    "acmeair-flightservice_2_768_high": {
        "cpu_percent": 53.866483533333,
        "memory_percent": 32.170389533333,
        "response_time": 66969434.533333
    },
    "acmeair-flightservice_3_768_low": {
        "cpu_percent": 1.8959003,
        "memory_percent": 29.440044166667,
        "response_time": 9461852.88
    },
    "acmeair-flightservice_3_768_medium": {
        "cpu_percent": 23.247356,
        "memory_percent": 27.904217066667,
        "response_time": 170553962.37
    },
    "acmeair-flightservice_3_768_high": {
        "cpu_percent": 37.958689233333,
        "memory_percent": 28.9487124,
        "response_time": 38594972.588889
    },
    "acmeair-flightservice_1_1024_low": {
        "cpu_percent": 17.021987333333,
        "memory_percent": 19.209054066667,
        "response_time": 150283932.22778
    },
    "acmeair-flightservice_1_1024_medium": {
        "cpu_percent": 24.156810666667,
        "memory_percent": 18.170542433333,
        "response_time": 335953108.23333
    },
    "acmeair-flightservice_1_1024_high": {
        "cpu_percent": 77.660233566667,
        "memory_percent": 22.941836466667,
        "response_time": 369201536.33333
    },
    "acmeair-flightservice_2_1024_low": {
        "cpu_percent": 7.1664001666667,
        "memory_percent": 22.824813666667,
        "response_time": 56047776.683333
    },
    "acmeair-flightservice_2_1024_medium": {
        "cpu_percent": 60.121533533333,
        "memory_percent": 24.061192666667,
        "response_time": 269729662.06667
    },
    "acmeair-flightservice_2_1024_high": {
        "cpu_percent": 45.647633566667,
        "memory_percent": 24.0569959,
        "response_time": 72999873.0
    },
    "acmeair-flightservice_3_1024_low": {
        "cpu_percent": 14.376681733333,
        "memory_percent": 22.296576833333,
        "response_time": 47855120.905556
    },
    "acmeair-flightservice_3_1024_medium": {
        "cpu_percent": 37.492322633333,
        "memory_percent": 22.131433733333,
        "response_time": 171050116.21111
    },
    "acmeair-flightservice_3_1024_high": {
        "cpu_percent": 43.592322666667,
        "memory_percent": 23.4337333333,
        "response_time": 182152961.53343
    },
    "acmeair-bookingservice_1_512_low": {
        "cpu_percent": 5.7744001,
        "memory_percent": 51.7923029,
        "response_time": 16653047.033333
    },
    "acmeair-bookingservice_1_512_medium": {
        "cpu_percent": 86.990566766667,
        "memory_percent": 60.099241066667,
        "response_time": 171533413.66667
    },
    "acmeair-bookingservice_1_512_high": {
        "cpu_percent": 96.2876668,
        "memory_percent": 77.418427066667,
        "response_time": 172614062.1
    },
    "acmeair-bookingservice_2_512_low": {
        "cpu_percent": 5.2533502,
        "memory_percent": 66.992144733333,
        "response_time": 91517171.983333
    },
    "acmeair-bookingservice_2_512_medium": {
        "cpu_percent": 75.962650166667,
        "memory_percent": 72.521057633333,
        "response_time": 243175247.5
    },
    "acmeair-bookingservice_2_512_high": {
        "cpu_percent": 92.451350166667,
        "memory_percent": 74.504449666667,
        "response_time": 178781306.23333
    },
    "acmeair-bookingservice_3_512_low": {
        "cpu_percent": 2.9961597666667,
        "memory_percent": 31.7671554,
        "response_time": 12392278.655556
    },
    "acmeair-bookingservice_3_512_medium": {
        "cpu_percent": 88.162400133333,
        "memory_percent": 33.215514366667,
        "response_time": 129876907.53333
    },
    "acmeair-bookingservice_3_512_high": {
        "cpu_percent": 97.0449334,
        "memory_percent": 41.766148166667,
        "response_time": 190363347.26667
    },
    "acmeair-bookingservice_1_768_low": {
        "cpu_percent": 8.9656115333333,
        "memory_percent": 59.129675666667,
        "response_time": 23035435.622223
    },
    "acmeair-bookingservice_1_768_medium": {
        "cpu_percent": 49.757289233333,
        "memory_percent": 63.968072266667,
        "response_time": 169312658.65556
    },
    "acmeair-bookingservice_1_768_high": {
        "cpu_percent": 60.551167033333,
        "memory_percent": 68.9279976,
        "response_time": 168325785.73333
    },
    "acmeair-bookingservice_2_768_low": {
        "cpu_percent": 9.1700668333333,
        "memory_percent": 36.8550708,
        "response_time": 75138763.6
    },
    "acmeair-bookingservice_2_768_medium": {
        "cpu_percent": 85.127250133333,
        "memory_percent": 41.736015766666,
        "response_time": 276192898.95
    },
    "acmeair-bookingservice_2_768_high": {
        "cpu_percent": 82.169750133333,
        "memory_percent": 45.631051466666,
        "response_time": 228097289.76667
    },
    "acmeair-bookingservice_3_768_low": {
        "cpu_percent": 2.4844001666667,
        "memory_percent": 46.744180133333,
        "response_time": 12769106.216667
    },
    "acmeair-bookingservice_3_768_medium": {
        "cpu_percent": 67.108866766667,
        "memory_percent": 46.742091333333,
        "response_time": 130143654.55
    },
    "acmeair-bookingservice_3_768_high": {
        "cpu_percent": 69.877450133333,
        "memory_percent": 50.516930966667,
        "response_time": 188220779.0
    },
    "acmeair-bookingservice_1_1024_low": {
        "cpu_percent": 13.4914171,